"wknr";"cdsu_names";"spd_names";"fdp_names";"gru_names";"lin_names";"cdsu1share";"spd1share";"fdp1share";"gru1share";"lin1share"
1;"Dr Sabine Sütterlin-Waack   ";"Dirk Peddinghaus  ";"Carsten-Peter Brodersen  ";"Marlene Löhr  ";"Heinz-Werner Jezewski  ";0.425;0.372;0.019;0.078;0.046
2;"Ingbert Liebing   ";"Matthias Ilgen  ";"Ulrich Schmück  ";"Arfst Wagner  ";"Norbert Meixner  ";0.498;0.321;0.024;0.065;0.036
3;"Marc André Helfrich   ";"Dr Karin Thissen  ";"Wolfgang Kubicki  ";"Erika Ingeborg von Kalben  ";"Marcel Scherwien Mansouri  ";0.454;0.34;0.051;0.051;0.039
4;"Dr Johann David Wadephul   ";"Sönke Rix  ";"Christine Aschenberg-Dugnus  ";"Detlef Martin Matthiessen  ";"Stefan Karstens  ";0.452;0.368;0.019;0.07;0.033
5;"Thomas Stritzl  ";"Dr Hans-Peter Bartels   ";"Sebastian Blumenthal  ";"Luise Amtsberg  ";"Raju Sharma  ";0.331;0.43;0.021;0.1;0.053
6;"Dr Philipp Alexander Murmann   ";"Dr Birgit Malecha-Nissen  ";"Martin Josef Wolf  ";"Bernhard Dierdorf  ";"Lorenz Gösta Beutin  ";0.437;0.375;0.018;0.064;0.038
7;"Dr Ole Schröder   ";"Dr Ernst Dieter Rossmann  ";"Olaf Klampe  ";"Dr Valerie Wilms  ";"Cornelia Ilse Möhring  ";0.454;0.361;0.019;0.064;0.039
8;"Gero Storjohann   ";"Franz Thönnes  ";"Klaus-Peter Eberhard  ";"Peter Ferdinand Stoltenberg  ";"Miro Volker Berbig  ";0.454;0.353;0.021;0.061;0.039
9;"Ingo Gädechens   ";"Bettina Hagedorn  ";"Dr Bernd Klaus Buchholz  ";"Maria-Elisabeth Fritzen  ";"Karin Kohlmorgen  ";0.458;0.372;0.023;0.054;0.035
10;"Norbert Brackmann   ";"Dr Nina Scheer  ";"Dr Christel Erika Happach-Kasan  ";"Dr Konstantin von Notz  ";"Ilka Daniela Wenzelis  ";0.452;0.346;0.022;0.07;0.038
11;"Alexandra Dinges-Dierig  ";"Gabriele Therese Hedwig Hiller-Ohm   ";"Gerrit Koch  ";"Spiridon Aslanidis  ";"Jens Uwe Schulz  ";0.364;0.407;0.024;0.077;0.054
12;"Dietrich Monstadt   ";"Hans-Joachim Hacker  ";"Thomas Heldberg  ";"Frank Fiedler  ";"Dr Dietmar Gerhard Bartsch  ";0.39;0.259;0.015;0.036;0.222
13;"Karin Strenz   ";"Frank Michael Junge  ";"René Domke  ";"Ulrike Seemann-Katz  ";"Dr Gertrud Paula Martina Bunge  ";0.43;0.228;0.016;0.034;0.229
14;"Peter Stein   ";"Christian Kleiminger  ";"Hagen Reinhold  ";"Dr Frank Harald Terpe  ";"Steffen Bockhahn  ";0.35;0.184;0.011;0.075;0.307
15;"Dr Angela Dorothea Merkel   ";"Sonja Amalie Steffen  ";"Gino Leonhard  ";"Claudia Heike Müller  ";"Karin Kerstin Kassner  ";0.562;0.14;0.008;0.031;0.193
16;"Matthias Lietz   ";"Holm Henning Freier  ";"Christian Bartelt  ";"Ralf Peter Siegfried Hässelbarth  ";"Torsten Martin Koplin  ";0.459;0.157;0.018;0.023;0.239
17;"Eckhardt Rehberg   ";"Jeannine Pflugradt  ";"Dr Dietrich-Eckard Krause  ";"Heidelinde Sylke Kerstin Felgner  ";"Heidrun Bluhm  ";0.47;0.187;0.015;0.031;0.227
18;"Dirk Christian Marx  ";"Johannes Kahrs   ";"Dr Najibulla Karim  ";"Katharina Fegebank  ";"Dr Karl Hans-Joachim Hanisch  ";0.282;0.392;0.017;0.119;0.095
19;"Marcus Weinberg  ";"Dr Matthias Bartke   ";"Paul Lorenz Flemming  ";"Dr Hans Anjes Tjarks  ";"Jan Paul van Aken  ";0.325;0.349;0.02;0.136;0.102
20;"Rüdiger Kruse  ";"Niels Annen   ";"Burkhardt Müller-Sönksen  ";"Anna Gallina  ";"Kersten Angela Artus  ";0.333;0.375;0.023;0.13;0.069
21;"Dirk Erik Fischer   ";"Christian Carstensen  ";"Sylvia Canel  ";"Anja Margarete Helene Hajduk  ";"Herbert Heinrich Paul Schulz  ";0.397;0.348;0.024;0.119;0.047
22;"Frank Thorsten Schira  ";"Aydan Özoguz   ";"Klaus-Dieter Abend  ";"Katja Husen  ";"Cornelia Lieselotte Kerth  ";0.373;0.399;0.019;0.064;0.066
23;"Dr Herlind Magdalena Gundelach  ";"Metin Hakverdi   ";"Dr Kurt Carlos Duwe  ";"Manuel Sarrazin  ";"Sabine Böddinghaus  ";0.356;0.404;0.016;0.064;0.075
24;"Heiko Schmelzle  ";"Johann Saathoff   ";"Stephan Bünting  ";"Thilo Hoppe  ";"Marco Notman  ";0.323;0.503;0.016;0.096;0.048
25;"Gitta Connemann   ";"Markus Paschke  ";"Hans-Michael Goldmann  ";"Harald Kleem  ";"Charlotte Lenzen  ";0.547;0.312;0.026;0.051;0.039
26;"Hans-Werner Kammer  ";"Karin Evers-Meyer   ";"Lübbo Meppen  ";"Victor Alexander von Fintel  ";"Ralph Thomas Niemeyer  ";0.397;0.441;0.023;0.056;0.051
27;"Stephan Albani  ";"Dennis Rohde   ";"Dr Christiane Ratjen-Damerau  ";"Peter Meiwald  ";"Martin Alexander Michels  ";0.368;0.374;0.025;0.115;0.054
28;"Astrid Grotelüschen   ";"Susanne Mittag  ";"Angelika Brunkhorst  ";"Dragos Pancescu  ";"Thomas Bartsch  ";0.398;0.393;0.033;0.061;0.045
29;"Enak Ferlemann   ";"Gunnar Wegener  ";"Karl Behn  ";"Eva Viehoff  ";"Guido Hagelstede  ";0.468;0.364;0.014;0.061;0.036
30;"Oliver Grundmann   ";"Oliver Kellmer  ";"Serkan Tören  ";"Michael Lemke  ";"Michael Quelle  ";0.476;0.341;0.017;0.063;0.034
31;"Albert Stegemann   ";"Dr Daniela Ridder De  ";"Manuel Nehmer  ";"Birgit Kemmer  ";"Heinz Georg von Wensiersky  ";0.59;0.29;0.016;0.05;0.027
32;"Franz-Josef Holzenkamp   ";"Gabriele Groneberg  ";"Peter Friedhoff  ";"Josef Diersen  ";"Günter Kreßmann  ";0.663;0.213;0.018;0.037;0.025
33;"Axel Knoerig   ";"Dr Christoph Lanzendörfer  ";"Marcel Schiller  ";"Torsten Eggelmann  ";"Ingo Waschner  ";0.475;0.334;0.02;0.075;0.035
34;"Andreas Mattfeldt   ";"Christina Jantz  ";"Cédric Kamlah  ";"Erich von Hofe  ";"Herbert Behrens  ";0.44;0.374;0.009;0.068;0.05
35;"Reinhard Dieter Grindel   ";"Lars Klingbeil  ";"Henrik Schröder  ";"Dr Hans-Peter Ludewig  ";"Lennart Onken  ";0.448;0.406;0.017;0.05;0.039
36;"Michael Grosse-Brömer   ";"Svenja Stadler  ";"Nicole Bracht-Bendt  ";"Martina Lammers  ";"Michel Pauly  ";0.452;0.316;0.034;0.071;0.036
37;"Eckhard Pols   ";"Hiltrud Lotze  ";"Dr Tobias Debuch  ";"Julia Verlinden  ";"Johanna Regina Voß  ";0.398;0.337;0.016;0.12;0.059
38;"Dr André Berghegger   ";"Rainer Spiering  ";"Matthias Seestern-Pauly  ";"Florian Zimmeck  ";"Bernhard Rohe  ";0.531;0.323;0.018;0.058;0.036
39;"Dr Mathias Middelberg   ";"Dr Martin Schwanholz  ";"Dr Thomas Thiele  ";"Dorothea Steiner  ";"Derk-Olaf Steggewentz  ";0.457;0.348;0.028;0.089;0.041
40;"Maik Beermann  ";"Sebastian Edathy   ";"Dr Ralf Kirstan  ";"Katja Keul  ";"Torben Franz  ";0.416;0.446;0.014;0.058;0.033
41;"Wilfried Lorenz  ";"Kerstin Tack   ";"Thomas Iseke  ";"Silvia Brigitte Klingenburg-Pülm  ";"Oliver Förste  ";0.365;0.435;0.015;0.077;0.05
42;"Dr Ursula von der Leyen  ";"Edelgard Bulmahn   ";"Patrick Döring  ";"Sven-Christian Kindler  ";"Jörn Jan Leidecker  ";0.339;0.428;0.015;0.102;0.062
43;"Dr Hendrik Hoppenstedt   ";"Caren Marks  ";"Dr Philipp Rösler  ";"Wolfgang-Dietrich von Nordheim  ";"Dr Diether Dehm-Desoi  ";0.443;0.385;0.026;0.05;0.036
44;"Henning Otte   ";"Kirsten Lühmann  ";"Ralf Überheim  ";"Bernd Ebeling  ";"Behiye Uca  ";0.485;0.342;0.013;0.061;0.036
45;"Ingrid Pahlmann  ";"Hubertus Heil   ";"Ernst Schreiber  ";"Monika Berkhan  ";"Jürgen Eggers  ";0.421;0.433;0.014;0.048;0.043
46;"Michael Vietz  ";"Gabriele Lösekrug-Möller   ";"Klaus-Peter Wennemann  ";"Dr Marcus Schaper  ";"Jutta Krellmann  ";0.396;0.423;0.018;0.06;0.046
47;"Dr Maria Flachsbarth  ";"Dr Matthias Miersch   ";"Dirk Weissleder  ";"Abdülselam Dogan  ";"Agnes Hasenjäger  ";0.419;0.434;0.014;0.052;0.041
48;"Ute Bertram   ";"Bernd Westphal  ";"Dr Bernd Fell  ";"Brigitte Pothmer  ";"Lars Leopold  ";0.423;0.413;0.015;0.085;0.049
49;"Uwe Lagosky  ";"Sigmar Gabriel   ";"Dirk Michaelis  ";"Sascha Pitkamin  ";"Dorothée Menzner  ";0.37;0.466;0.011;0.044;0.043
50;"Carsten Müller  ";"Dr Carola Reimann   ";"Florian Bernschneider  ";"Gesche Hand  ";"Andre Patrick Fricke  ";0.35;0.436;0.023;0.071;0.05
51;"Günter Lach   ";"Heinz-Joachim Barchmann  ";"Verony Reichelt  ";"Volker Möll  ";"Pia-Beate Zimmermann  ";0.447;0.387;0.014;0.051;0.044
52;"Dr Roy Kühne  ";"Dr Wilhelm Priesmeier   ";"Olaf Torsten Franz  ";"Viola von Cramon-Taubadel  ";"Michael Ohse  ";0.42;0.424;0.015;0.053;0.046
53;"Fritz Güntzler  ";"Thomas Oppermann   ";"Dr Lutz Knopek  ";"Jürgen Trittin  ";"Gerd Nier  ";0.382;0.404;0.016;0.102;0.052
54;"Elisabeth Charlotte Motschmann  ";"Dr Carsten Günter Erich Sieling   ";"Torsten Heiko Staffeldt  ";"Marieluise Beck  ";"Klaus-Rainer Heinrich Wilhelm Rupp  ";0.302;0.379;0.023;0.139;0.083
55;"Else Katharina Bettina Hornhues  ";"Uwe Karl Beckmeyer   ";"Dr Hauke Hilz  ";"Sülmez Dogan  ";"Kristina Hildtraut Vogt  ";0.287;0.44;0.015;0.084;0.091
56;"Sebastian Steineke   ";"Dagmar Ziegler  ";"Jens-Dieter Engelhardt  ";"Kathrin Anke Boleslawsky  ";"Dr Kirsten Tackmann  ";0.335;0.296;0.013;0.027;0.241
57;"Jens Koeppen   ";"Stefan Zierke  ";"Martin Hoeck  ";"Alice Sarah Polzer-Storek  ";"Sabine Ursula Stüber  ";0.389;0.235;0.016;0.029;0.26
58;"Uwe Wolfgang Werner Feiler   ";"Angelika Krüger-Leißner  ";"Dr Georg Neubauer  ";"Maria Heider  ";"Harald Alfred Petzold  ";0.375;0.28;0.015;0.049;0.196
59;"Hans-Georg von der Marwitz   ";"Olaf Mangold  ";"Fritz Hans Karl Krause-Uhl  ";"Michael Peter Jungclaus  ";"Dr Dagmar Gertraud Elsa Enkelmann  ";0.34;0.203;0.011;0.034;0.329
60;"Andrea Astrid Voßhoff  ";"Dr Frank-Walter Steinmeier   ";"Max Koziolek  ";"Yvonne Plaul  ";"Diana Hertha Golze  ";0.328;0.331;0.016;0.024;0.238
61;"Katherina Birgitt Reiche   ";"Andrea Meta Wicklein  ";"Jacqueline Krüger  ";"Annalena Charlotte Alma Baerbock  ";"Norbert Carl Müller  ";0.326;0.322;0.018;0.072;0.2
62;"Jana Schimke   ";"Tina Fischer  ";"Alice Magdalena Löning  ";"Andreas Eberhard Alexander Rieger  ";"Steffen Kühne  ";0.37;0.272;0.012;0.038;0.219
63;"Martin Maria Otto Felix Patzelt   ";"Lars Wendland  ";"Rolf Offermann  ";"Jörg Gleisenstein  ";"Thomas Hans Nord  ";0.339;0.244;0.017;0.039;0.28
64;"Dr Klaus-Peter Schulze   ";"Ulrich Ronald Freese  ";"Prof Dr Fritz Walter Martin Neumann  ";"Wolfgang Jürgen Renner  ";"Birgit Ottilie Wöllert  ";0.359;0.239;0.02;0.027;0.2
65;"Michael Stübgen   ";"Kerstin Weide  ";"Carmen Schulz  ";"Klaus Ullrich  ";"Matthias Mnich  ";0.409;0.225;0.018;0.025;0.234
66;"Jörg Hellmuth   ";"Marina Angela Kermer  ";"Marcus Faber  ";"Christian Franke  ";"Katrin Kunert  ";0.421;0.176;0.014;0.028;0.303
67;"Manfred Behrens   ";"Waltraud Katharina Wolff  ";"Jens Ackermann  ";"Thomas Schlenker  ";"Thomas Waldheim  ";0.446;0.231;0.027;0.026;0.214
68;"Heike Brehmer   ";"Mario Hennig  ";"Detlef Ebert  ";"Sabine Wetzel  ";"Elke Reinke  ";0.46;0.191;0.014;0.038;0.23
69;"Tino Sorge   ";"Burkhard Lischka  ";"Sven Fricke  ";"Stephan Bischoff  ";"Dr Rosemarie Anna Gertrud Hein  ";0.363;0.252;0.014;0.04;0.252
70;"Hans Ulrich Petzold   ";"Arne Lietz  ";"Cornelia Kuhnert  ";"Steffi Lemke  ";"Jörg Schindler  ";0.446;0.173;0.013;0.044;0.219
71;"Kees Cornelis Petrus Jozef Vries de   ";"Petra Börst-Harder  ";"Veit Erwald Wolpert  ";"Ingo Grötze  ";"Jan Korte  ";0.41;0.154;0.02;0.021;0.288
72;"Dr Christoph Georg Bergner   ";"Dr Karamba Diaby  ";"Cornelia Pieper  ";"Dr Bernhard Sebastian Kranich  ";"Dr Petra Sitte  ";0.363;0.233;0.021;0.037;0.255
73;"Dieter Stier   ";"Florian Hüfner  ";"Matthias Rauch  ";"Dieter Kmietczyk  ";"Roland Claus  ";0.448;0.154;0.015;0.039;0.257
74;"Uda Carmen Freia Heller   ";"Dr Andreas Schmidt  ";"Harald Oster  ";"Norbert Jung  ";"Harald Koch  ";0.419;0.181;0.019;0.024;0.276
75;"Philipp David Lengsfeld  ";"Dr Eva Alexandra Ingrid Irmgard Anna Högl   ";"Hartmut Bade  ";"Özcan Mutlu  ";"Dr Klaus Lederer  ";0.239;0.282;0.015;0.184;0.167
76;"Lars Zimmermann  ";"Klaus Mindrup  ";"Linus Yann Friedrich Vollmar  ";"Andreas Otto  ";"Stefan Liebich   ";0.239;0.21;0.009;0.147;0.283
77;"Dr Frank Steffel   ";"Jörg Klaus Hartmut Stroedter  ";"Mieke Senftleben  ";"Holger Lütge  ";"Hakan Tas  ";0.449;0.295;0.02;0.067;0.065
78;"Kai Peter Wegner   ";"Swen Schulz  ";"Sven Paul Fresdorf  ";"Christoph Sonnenberg-Westeson  ";"Monika Manuela Carmen Merk  ";0.392;0.374;0.014;0.047;0.072
79;"Karl-Georg Ernst Gottlob Wellmann   ";"Dr Ute Elisabeth Finckh-Krämer  ";"Dr Frank Martin Lindner  ";"Nina Elisabeth Stahr  ";"Lampros Savvidis  ";0.424;0.293;0.027;0.118;0.053
80;"Klaus-Dieter Gröhler   ";"Ülker Radziwill  ";"Lars Friedrich Lindemann  ";"Lisa Paus  ";"Marlene Cieschinger  ";0.371;0.315;0.025;0.147;0.062
81;"Dr Jan-Marco Luczak   ";"Mechthild Rawert  ";"Holger Krestel  ";"Renate Elly Künast  ";"Azize Tank  ";0.351;0.262;0.015;0.203;0.073
82;"Christina Schwarzer  ";"Dr Fritz Felgentreu   ";"Dr Sebastian Kluckert  ";"Anja Kofbinger  ";"Ruben Lehnert  ";0.306;0.323;0.014;0.117;0.117
83;"Götz Müller  ";"Cansel Kiziltepe  ";"Helmut Metzner  ";"Hans-Christian Ströbele   ";"Halina Wawzyniak  ";0.137;0.18;0.01;0.399;0.172
84;"Fritz Niedergesäß  ";"Matthias Schmidt  ";"Volker Thiel  ";"Harald Moritz  ";"Dr Gregor Gysi   ";0.226;0.178;0.01;0.05;0.422
85;"Monika Grütters  ";"Iris Spranger  ";"Tom Wesener  ";"Stefan Ziller  ";"Petra Angelika Pau   ";0.257;0.171;0.007;0.031;0.389
86;"Dr Martin Pätzold  ";"Dr Erik Gührs  ";"Holger Schwabe  ";"Bartosz Jerzy Lotarewicz  ";"Dr Gesine Lötzsch   ";0.227;0.196;0.007;0.042;0.403
87;"Rudolf Henke   ";"Ulla Schmidt  ";"Birgit Haveneth  ";"Andreas Mittelstädt  ";"Andrej Konstantin Hunko  ";0.408;0.353;0.022;0.089;0.062
88;"Helmut Brandt   ";"Hans Detlef Loosz  ";"Petra Müller  ";"Bettina Herlitzius  ";"Marika Jungblut  ";0.456;0.357;0.024;0.056;0.058
89;"Wilfried Oellers   ";"Norbert Spinrath  ";"Linus Kester Stieldorf  ";"Hans Josef Dederichs  ";"Ayten Kaplan  ";0.534;0.283;0.022;0.057;0.043
90;"Thomas Rachel   ";"Dietmar Heinrich Nietan  ";"Jörg Langefeld  ";"Oliver Krischer  ";"Michael Aggelidis  ";0.503;0.342;0.019;0.049;0.051
91;"Dr Georg Kippels   ";"Dierk Timm  ";"Dr Martin Wortmann  ";"Elmar Gillet  ";"Zeki Gökhan  ";0.473;0.36;0.03;0.055;0.044
92;"Detlef Seif   ";"Helga Kühn-Mengel  ";"Gabriele Molitor  ";"Jörg Kutzer  ";"Florian Völlger  ";0.509;0.308;0.035;0.058;0.047
93;"Karsten Möring  ";"Martin Dörmann   ";"Stefanie Ruffen  ";"Berivan Aymaz  ";"Heinz Peter Karl Fischer  ";0.367;0.37;0.025;0.103;0.065
94;"Prof Dr Heribert Hirte   ";"Elfi Scho-Antwerpes  ";"Hans Hermann Stein  ";"Volker Beck  ";"Matthias W Birkwald  ";0.4;0.328;0.026;0.145;0.052
95;"Gisela Manderla  ";"Dr Rolf Mützenich   ";"Volker Görzel  ";"Katharina Dröge  ";"Michael Weisenstein  ";0.329;0.393;0.023;0.129;0.078
96;"Dr Claudia Maria Lücking-Michel  ";"Ulrich Wolfgang Kelber   ";"Dr Guido Westerwelle  ";"Katja Dörner  ";"Paul Schäfer  ";0.375;0.382;0.06;0.086;0.044
97;"Elisabeth Winkelmeier-Becker   ";"Sebastian Hartmann  ";"Jürgen Peter  ";"Robert Wendt  ";"Alexander Soranto Neu  ";0.496;0.295;0.024;0.064;0.047
98;"Dr Norbert Röttgen   ";"Bettina Bähr-Losse  ";"Thorsten Knott  ";"Dr Arnd Kuhn  ";"Andreas Danne  ";0.524;0.271;0.031;0.072;0.034
99;"Klaus-Peter Flosbach   ";"Michaela Barbara Engelmeier-Heite  ";"Jörg von Polheim  ";"Michael Braun  ";"Georg Hewald  ";0.522;0.301;0.022;0.052;0.043
100;"Wolfgang Bosbach   ";"Michael Zalfen  ";"Dr Peter Ludemann  ";"Maik Außendorf  ";"Grischa Bischeff  ";0.585;0.25;0.017;0.069;0.041
101;"Helmut Fedor Nowak  ";"Prof Dr Karl Wilhelm Lauterbach   ";"Dr Guido Fischer  ";"Rainer Blum  ";"Hamide Akbayir  ";0.393;0.413;0.023;0.072;0.058
102;"Peter Hintze  ";"Manfred Zöllmer   ";"Manfred Todtenhausen  ";"Hermann Ott  ";"Bernhard Sander  ";0.366;0.407;0.03;0.071;0.077
103;"Jürgen Hardt   ";"Sven Wiertz  ";"Gerd Brems  ";"Ursula Linda Zarniko  ";"Gunhild Böth  ";0.443;0.334;0.026;0.071;0.058
104;"Michaela Noll   ";"Peer Steinbrück  ";"Moritz Körner  ";"Dr Ophelia-Johanna Nick  ";"Rainer Köster  ";0.495;0.346;0.02;0.051;0.037
105;"Peter Beyer   ";"Kerstin Griese  ";"Jörg Weisse  ";"Michael Remmert  ";"Serdar Boztemur  ";0.456;0.371;0.024;0.049;0.043
106;"Thomas Jarzombek   ";"Philipp Tacer  ";"Gisela Piltz  ";"Mona Neubaur  ";"Helmut Born  ";0.479;0.292;0.036;0.082;0.053
107;"Sylvia Pantel   ";"Andreas Rimkus  ";"Dr Gerhard Hansen  ";"Uwe Marold Warnecke  ";"Dr Sahra Wagenknecht  ";0.407;0.35;0.029;0.075;0.091
108;"Hermann Gröhe   ";"Klaus Krützen  ";"Bijan Djir-Sarai  ";"Lars Erik Schellhas  ";"Walter Hans Rogel-Obermanns  ";0.516;0.306;0.023;0.047;0.039
109;"Dr Günter Krings   ";"Gülistan Yüksel  ";"Hans Joachim Stockschläger  ";"Dr Gerhard Brenner  ";"Bernhard Clasen  ";0.508;0.292;0.023;0.061;0.062
110;"Ansgar Heveling   ";"Benedikt Winzen  ";"Otto Fricke  ";"Karl-Heinz Renner  ";"Manfred Büddemann  ";0.491;0.309;0.037;0.058;0.041
111;"Uwe Schummer   ";"Udo Schiefner  ";"Andreas Bist  ";"René Heesen  ";"Britta Pietsch  ";0.53;0.285;0.023;0.054;0.048
112;"Ronald Pofalla   ";"Dr Barbara Hendricks  ";"Prof Dr Ralf Klapdor  ";"Bruno Jöbkes  ";"";0.509;0.331;0.031;0.058;0
113;"Sabine Katharina Weiss   ";"Dr Hans-Ulrich Krüger  ";"Thomas Martin Heiske  ";"Thomas Wagener  ";"Sascha Heribert Wagner  ";0.435;0.392;0.018;0.049;0.049
114;"Kerstin Radomski  ";"Siegmund Ehrmann   ";"Michael Terwiesche  ";"Ursula Schauws  ";"Gabriele Kaenders  ";0.401;0.415;0.025;0.053;0.054
115;"Thomas Mahlberg  ";"Bärbel Bas   ";"Jörg Löbe  ";"Anna von Spiczak-Brzezinski  ";"Marc Mulia  ";0.322;0.466;0.016;0.051;0.073
116;"Volker Peter Mosblech  ";"Mahmut Özdemir   ";"Frank Albrecht  ";"Matthias Schneider  ";"Lukas Maximilian Hirtz  ";0.296;0.432;0.016;0.052;0.086
117;"Marie-Luise Dött  ";"Dirk Vöpel   ";"Dr Dorothea Dresenkamp  ";"Bärbel Höhn  ";"Niema Movassat  ";0.323;0.451;0.017;0.078;0.073
118;"Astrid Timmermann-Fechter  ";"Arno Klare   ";"Susanne Rittershaus  ";"Tim Giesbert  ";"Sylvia von Häfen  ";0.356;0.422;0.025;0.064;0.055
119;"Jutta Eckenbach  ";"Dirk Heidenblut   ";"Günther van Wasen  ";"Elke Ludgera Renate Zeeb  ";"Janina Herff  ";0.311;0.483;0.016;0.05;0.072
120;"Matthias Hauer   ";"Petra Hinz  ";"Petra Hermann  ";"Kai Boris Gehring  ";"Cornelia Swillus-Knöchel  ";0.395;0.395;0.02;0.077;0.049
121;"Philipp Mißfelder  ";"Frank Schwabe   ";"Mathias Richter  ";"Sebastian Ohler  ";"Erich Karl Burmeister  ";0.343;0.452;0.02;0.051;0.062
122;"Rita Stockhofe  ";"Michael Peter Groß   ";"Mirjam Forszpaniak  ";"Maaike Amalie Thomas  ";"Bärbel Beuermann  ";0.365;0.457;0.016;0.05;0.056
123;"Oliver Wittke  ";"Joachim Poß   ";"Marco Buschmann  ";"Irene Mihalic  ";"Ingrid Lieselotte Remmers  ";0.286;0.505;0.017;0.037;0.061
124;"Jens Spahn   ";"Ingrid Arndt-Brauer  ";"Claudia Bögel-Hoyer  ";"Dr Jörg Winterfeldt  ";"Robert Brandt  ";0.52;0.319;0.028;0.051;0.038
125;"Sven Volmering  ";"Michael Gerdes   ";"Sebastian Steinzen  ";"Elke Marita Stuckel-Lotz  ";"Friedrich-Wilhelm Zachraj  ";0.365;0.458;0.016;0.036;0.054
126;"Johannes Röring   ";"Ursula Schulte  ";"Kevin Schneider  ";"Frank Büning  ";"Heidi Breuer  ";0.574;0.271;0.023;0.064;0.03
127;"Karl Richard Maria Schiewerling   ";"Ulrich Hampel  ";"Daniel Fahr  ";"Friedrich Ostendorff  ";"Ali Atalan  ";0.561;0.268;0.026;0.07;0.033
128;"Anja Maria-Antonia Karliczek   ";"Jürgen Coße  ";"Christophe Lüttmann  ";"Hermann Stubbe  ";"Kathrin Vogler  ";0.479;0.365;0.018;0.058;0.038
129;"Sybille Maria Ursula Benning   ";"Christoph Strässer  ";"Daniel Bahr  ";"Maria Anna Klein-Schmeink  ";"Hubertus Josef Zdebel  ";0.388;0.354;0.057;0.111;0.043
130;"Reinhold Max Sendker   ";"Bernhard Daldrup  ";"Johannes Jürgen Philipper  ";"Alexander Ringbeck  ";"Karl Stephan Schulte  ";0.513;0.32;0.023;0.059;0.035
131;"Ralph Brinkhaus   ";"Thorsten Klute  ";"Evelyn Dahlke  ";"Marco Gérard Mantovanelli  ";"Ludger Klein-Ridder  ";0.502;0.336;0.019;0.054;0.043
132;"Lena Strothmann  ";"Christina Kampmann   ";"Jasmin Wahl-Schwentker  ";"Britta Haßelmann  ";"Frank Schwarzer  ";0.373;0.381;0.02;0.107;0.069
133;"Dr Tim Ostermann  ";"Stefan Schwartze   ";"Frank Schäffler  ";"Eyüp Odabasi  ";"Inge Dora Minna Höger  ";0.408;0.413;0.035;0.051;0.054
134;"Steffen Kampeter   ";"Achim Post  ";"Andreas Eickmeier  ";"Burghard Grote  ";"Nadja Bühren  ";0.463;0.405;0.019;0.041;0.041
135;"Cajus Julius Caesar  ";"Dirk Becker   ";"Markus Schiek  ";"Ute Maria Christine Koczy  ";"Bernd Jürgen Wobig  ";0.402;0.411;0.023;0.057;0.042
136;"Christian Haase   ";"Petra Rode-Bosse  ";"Horst Josef Walter Grumich  ";"Dirk Brinkschmidt  ";"Ursula Jacob-Reisinger  ";0.5;0.313;0.019;0.057;0.041
137;"Dr Carsten Linnemann   ";"Burkhard Blienert  ";"Heinrich Heineke  ";"Kerstin Haarmann  ";"Siegfried Nowak  ";0.591;0.232;0.019;0.065;0.04
138;"Cemile Giousouf  ";"Peter René Röspel   ";"Katrin Helling-Plahr  ";"Frank Klaus Steinwender  ";"Thomas Friedrich Schock  ";0.341;0.471;0.034;0.045;0.057
139;"Dr Ralf Wolfgang Brauksiepe  ";"Ralf Kapschack   ";"Rosemarie Steinhauer  ";"Janosch Dahmen  ";"Helmut Johannes Kanand  ";0.358;0.423;0.02;0.083;0.051
140;"Prof Dr Norbert Lammert  ";"Axel Schäfer   ";"Dennis Rademacher  ";"Dr Frithjof Schmidt  ";"Sevim Dagdelen  ";0.357;0.442;0.014;0.068;0.068
141;"Ingrid Marianne Fischbach  ";"Michelle Müntefering   ";"Frank Leschowski  ";"Sabine von der Beck  ";"Markus Dowe  ";0.305;0.486;0.015;0.058;0.076
142;"Thorsten Hoffmann  ";"Marco Bülow   ";"Michael Kauch  ";"Markus Kurth  ";"Ursula Jelpke  ";0.307;0.454;0.02;0.075;0.06
143;"Steffen Kanitz  ";"Sabine Poschmann   ";"Daniel Poznanski  ";"Katja Bender  ";"Hannelore Tölke  ";0.322;0.467;0.015;0.068;0.069
144;"Hubert Wilhelm Hüppe  ";"Oliver Kaczmarek   ";"Heike Schaumann  ";"Malte Johannes Spitz  ";"Walter Wendt-Kleinberg  ";0.358;0.467;0.017;0.056;0.053
145;"Sylvia Sabine Jörrißen  ";"Michael Thews   ";"Christoph Dammermann  ";"Marie-Therese Dazert  ";"Udo Gabriel  ";0.393;0.432;0.021;0.05;0.056
146;"Bernhard August Schulte-Drüggelte   ";"Wolfgang Hellmich  ";"Ingo Westermann  ";"Cordula Ungruh  ";"Michael Bruns  ";0.498;0.333;0.023;0.06;0.05
147;"Patrick Ernst Hermann Sensburg   ";"Dirk Wiese  ";"Hans-Werner Ehrenberg  ";"Antonius Becker  ";"Beate Raberg  ";0.561;0.299;0.019;0.042;0.041
148;"Volkmar Klein   ";"Willi Brase  ";"Helga Daub  ";"Dr Peter Hans Neuhaus  ";"Peter Schulte  ";0.458;0.365;0.022;0.05;0.045
149;"Dr Matthias Heider   ";"Petra Crone  ";"Johannes Vogel  ";"Kai Steffen Bitzer  ";"Wolfgang Hoffmann  ";0.517;0.327;0.024;0.034;0.038
150;"Christel Hedwig Ernestine Voßbeck-Kayser  ";"Dagmar Freitag   ";"Michael Schulte  ";"Elke Elfriede Olbrich-Tripp  ";"Manuel Huff  ";0.416;0.417;0.019;0.031;0.048
151;"Marian Wendt   ";"Heiko Wittig  ";"Dr Jutta Liddy Ida Kreitz  ";"Bernd Brandtner  ";"Susanna Karawanskij  ";0.456;0.204;0.021;0.031;0.218
152;"Bettina Irene Kudla   ";"Daniela Kolbe  ";"Marcus Viefeld  ";"Stefanie Gruner  ";"Dr Barbara Höll  ";0.4;0.216;0.017;0.056;0.234
153;"Dr Thomas Wolfgang Feist   ";"Wolfgang Erwin Bernhard Tiefensee  ";"Holger Krahmer  ";"Monika Lazar  ";"Mike Nagler  ";0.343;0.233;0.015;0.09;0.249
154;"Barbara Katharina Landgraf   ";"Harald Redepenning  ";"Steve Görnitz  ";"Tommy Penk  ";"Dr Axel Troost  ";0.513;0.158;0.019;0.033;0.214
155;"Dr Karl Ernst Thomas Maizière de   ";"Susann Rüthrich  ";"Jan Mücke  ";"Johannes Lichdi  ";"Sebastian Scheel  ";0.536;0.127;0.024;0.034;0.177
156;"Maria Ludwiga Michalk   ";"Ilko Keßler  ";"Reiner Peter Deutschmann  ";"Sten Jacobson  ";"Caren Nicole Lay  ";0.492;0.114;0.026;0.024;0.213
157;"Michael Kretschmer   ";"Thomas Edmund Jurk  ";"Daniel Alexis-Adolf Breutmann  ";"Prof Dr Joachim Schulze  ";"Dr Ilja Seifert  ";0.496;0.152;0.016;0.034;0.197
158;"Klaus Peter Brähmig   ";"Klaus Dieter Wolframm  ";"Thomas Richter  ";"Heidi Meißner  ";"Dr André Peter Frank Hahn  ";0.502;0.107;0.018;0.029;0.19
159;"Andreas Gottfried Lämmel   ";"Ines Vogel  ";"Johannes Hubertus Lohmeyer  ";"Ulrike Bürgel  ";"Katja Kipping  ";0.426;0.149;0.019;0.061;0.25
160;"Arnold Eugen Hugo Vaatz   ";"Thomas Blümel  ";"Matteo Böhme  ";"Stephan Kühn  ";"Tilo Kießling  ";0.418;0.148;0.02;0.098;0.191
161;"Veronika Maria Bellmann   ";"Dr Simone Raatz  ";"Marco Weißbach  ";"Sebastian Tröbs  ";"Rudolf Lothar Schmidt  ";0.519;0.154;0.022;0.032;0.203
162;"Frank Heinrich   ";"Detlef Müller  ";"Dr Kristian Reinhold  ";"Petra Inge Zais  ";"Michael Gerhard Leutert  ";0.417;0.209;0.02;0.048;0.238
163;"Marco Wanderwitz   ";"Anka Simone Violka  ";"Manfred Stefan Frünke  ";"Dan Fehlberg  ";"Jörn Heinz Adolf Wunderlich  ";0.496;0.156;0.023;0.037;0.219
164;"Helmut Günter Baumann   ";"Wolfgang Michael Gunkel  ";"Heinz-Peter Haustein  ";"Bert Meyer  ";"Andrea Schrutek  ";0.502;0.121;0.065;0.032;0.206
165;"Carsten Körber   ";"Andreas Weigel  ";"Nico Tippelt  ";"Lars Dörner  ";"Sabine Zimmermann  ";0.446;0.158;0.027;0.03;0.246
166;"Robert Hochbaum   ";"Benjamin Frank Zabel  ";"Martin Treeck  ";"Hanna Susanne Agnes Russo  ";"Janina Pfau  ";0.483;0.207;0.026;0.026;0.196
167;"Thomas Viesehon   ";"Ullrich Karl Wolfgang Meßmer  ";"Björn Sänger  ";"Caroline Chantal Tönges  ";"Dieter Hille  ";0.415;0.413;0.027;0.063;0.054
168;"Dr Norbert Wett  ";"Ulrike Gottschalck   ";"Matthias Nölke  ";"Nicole Christa Maisch  ";"Kai Manuel Boeddinghaus  ";0.352;0.4;0.021;0.106;0.084
169;"Helmut Heiderich  ";"Michael Helmut Roth   ";"Manfred Lister  ";"Armin Jung  ";"Dr Johanna Marianne Scheringer-Wright  ";0.405;0.431;0.02;0.05;0.057
170;"Bernd Siebert  ";"Dr Edgar Konrad Helmut Franke   ";"Dennis Majewski  ";"Hermann Häusling  ";"Heidemarie Scheuch-Paschkewitz  ";0.396;0.423;0.022;0.058;0.05
171;"Dr Stefan Heck  ";"Sören Bartol   ";"Jörg Hartmut Behlen  ";"Matthias Knoche  ";"Janis Ehling  ";0.396;0.437;0.017;0.059;0.053
172;"Sibylle Luise Gisela Pfeiffer   ";"Dagmar Schmidt  ";"Wolfgang Berns  ";"Priska Margarete Hinz  ";"Hans-Horst Knies  ";0.481;0.344;0.021;0.061;0.046
173;"Dr Helge Reinhold Braun   ";"Rüdiger Veit  ";"Dr Hermann Otto Solms-Hohensolms-Lich Prinz zu  ";"Thomas Koenigs  ";"Ali Abass Yahya Al-Dailami  ";0.444;0.355;0.03;0.073;0.051
174;"Michael Brand   ";"Birgit Kömpel  ";"Günther Mario Klotzsche  ";"Dr Hildegard Scheu  ";"Wolfgang Lörcher  ";0.583;0.25;0.024;0.054;0.046
175;"Dr Peter Michael Tauber   ";"Bettina Müller  ";"Conrad Buchholz  ";"Udo Gernot Weiß  ";"Andreas Müller  ";0.488;0.324;0.023;0.054;0.053
176;"Markus Benjamin Koob   ";"Dr Hans-Joachim Schabedoth  ";"Dr Stefan Ruppert  ";"Jutta Bruns  ";"Steffen Etzel  ";0.488;0.281;0.036;0.073;0.04
177;"Oswin Veith   ";"Stefan Lux  ";"Natascha Colette Baumann  ";"Antje Gesinn  ";"Gabriele Faulhaber  ";0.471;0.319;0.028;0.074;0.048
178;"Klaus-Peter Willsch   ";"Martin Hermann Rabanus  ";"Alexander Müller  ";"Cornelius Dehm  ";"Benno Pörtner  ";0.521;0.291;0.023;0.056;0.039
179;"Dr Kristina Schröder   ";"Simon Rottloff  ";"Dagmar Döring  ";"Andreas Romppel  ";"Manuela Schon  ";0.436;0.35;0.025;0.075;0.047
180;"Dr Katja Isabel Leikert   ";"Dr Sascha Raabe  ";"Anke Kerstin Pfeil  ";"Angelika Eleonore Wilhelmine Gunkel  ";"Sabine Ingeborg Leidig  ";0.443;0.364;0.025;0.058;0.057
181;"Prof Dr Heinz Riesenhuber   ";"Dr Dieter Falk  ";"Bettina Stark-Watzinger  ";"Kordula Anna Paula Schulz-Asche  ";"Fritz-Walter Hornung  ";0.525;0.271;0.043;0.082;0.042
182;"Prof Dr Matthias Rainer Zimmer   ";"Gregor Amann  ";"Hans-Joachim Otto  ";"Angela Anne Hanisch  ";"Eva Margarete Wiemer  ";0.402;0.33;0.032;0.099;0.079
183;"Erika Steinbach   ";"Ulrike Nissen  ";"Christoph Schnurr  ";"Omid Nouripour  ";"Wolfgang Gehrcke-Reymann  ";0.363;0.304;0.035;0.135;0.061
184;"Dr Franz Josef Friedrich Jung   ";"Gerold Rudolf Reichenbach  ";"Marcella Giovanna Matthes  ";"Benjamin Weiß  ";"Jochen Nagel  ";0.422;0.381;0.02;0.077;0.062
185;"Heinz Peter Wichtel   ";"Dirk Gene Hagelstein  ";"Paul-Gerhard Weiß  ";"Wolfgang Strengmann-Kuhn  ";"Christine Buchholz  ";0.455;0.313;0.028;0.082;0.062
186;"Karl-Heinz (Charles M) Huber  ";"Brigitte Zypries   ";"Dr Angelika Nake  ";"Daniela Wagner  ";"Walter Busch-Hübenbecker  ";0.359;0.373;0.024;0.117;0.052
187;"Patricia Lips   ";"Dr Jens Zimmermann  ";"Dr Heinrich Leonhard Kolb  ";"Felix Möller  ";"Martin Deistler  ";0.469;0.336;0.027;0.069;0.05
188;"Dr Michael Günther Meister   ";"Christine Lambrecht  ";"Till Berthold Mansmann  ";"Dr Uwe Pfennig  ";"Dr Bruno Schwarz  ";0.483;0.318;0.019;0.057;0.039
189;"Manfred Grund   ";"Carmen Listemann  ";"Steffen Richard Dreiling  ";"Norbert Sondermann  ";"Sigrid Hupach  ";0.498;0.165;0.014;0.031;0.198
190;"Christian Hirte   ";"Michael Klostermann  ";"Fred Leise  ";"Rüdiger Bender  ";"Anja Müller  ";0.433;0.185;0.015;0.032;0.237
191;"Johannes Selle   ";"Steffen-Claudio Lemme  ";"Patrick Kurth  ";"Nicol Pfefferlein  ";"Kersten Steinke  ";0.433;0.171;0.018;0.031;0.265
192;"Tankred Schipanski   ";"Petra Heß  ";"Torsten Köhler-Hohlfeld  ";"Steffen Fuchs  ";"Martina Erika Renner  ";0.373;0.25;0.014;0.03;0.201
193;"Antje Tillmann   ";"Carsten Schneider  ";"Florian Andreas Hartjen  ";"Dieter Lauinger  ";"Karola Stange  ";0.371;0.239;0.012;0.06;0.234
194;"Albert Helmut Weiler   ";"Volker Blumentritt  ";"Dr Thomas Nitzsche  ";"Olaf Müller  ";"Ralph Lenkert  ";0.361;0.183;0.017;0.047;0.27
195;"Volkmar Vogel   ";"Dr Nikolaus Theodor Dorsch  ";"Daniel Matthias Scheidel  ";"Jens Klaus Kämpfer  ";"Frank Tempel  ";0.449;0.14;0.016;0.028;0.243
196;"Carola Stauche   ";"Christoph Majewski  ";"Alf-Heinz Borchardt  ";"Stephanie Erben  ";"Knut Korschewsky  ";0.411;0.198;0.023;0.039;0.264
197;"Mark Lars Carsten Hauptmann   ";"Iris Gleicke  ";"Frank Fiedler  ";"Simone Maaß  ";"Jens Petermann  ";0.42;0.183;0.014;0.029;0.273
198;"Erwin Rüddel   ";"Sabine Bätzing-Lichtenthäler  ";"Sandra Weeser  ";"Elisabeth Bröskamp  ";"Jochen Bülow  ";0.469;0.373;0.023;0.04;0.045
199;"Mechthild Heil   ";"Andrea Nahles  ";"Peter Michael Salzmann  ";"Klaus Meurer  ";"Marion Morassi  ";0.555;0.28;0.024;0.056;0.045
200;"Dr Michael Fuchs   ";"Detlev Pilger  ";"Prof Dr Martin Kaschny  ";"Joseph Philip Winkler  ";"Bettina Lau  ";0.48;0.308;0.027;0.08;0.049
201;"Peter Bleser   ";"Anja Bindges  ";"Werner Wöllstein  ";"Joscha Pullich  ";"Martin Krötz  ";0.536;0.279;0.032;0.04;0.045
202;"Antje Lezius   ";"Fritz Rudolf Körper  ";"Klaus-Jürgen Friedrich  ";"Stefan Boxler  ";"Wolfgang Kleudgen  ";0.414;0.376;0.029;0.044;0.052
203;"Patrick Schnieder   ";"Jens Jenssen  ";"Marco Weber  ";"Alice Endres  ";"Ali Damar  ";0.56;0.263;0.032;0.049;0.033
204;"Bernhard Kaster   ";"Dr Katarina Barley  ";"Henrick Meine  ";"Corinna Rüffer  ";"Katrin Werner  ";0.488;0.311;0.019;0.069;0.055
205;"Dr Andreas Nick   ";"Gabi Weber  ";"Dr Kai Mifka  ";"Andrea Weber  ";"Martin Klein  ";0.494;0.31;0.024;0.059;0.048
206;"Ursula Groden-Kranich   ";"Michael Hartmann  ";"Rainer Brüderle  ";"Tabea Rößner  ";"Kathrin Senger-Schäfer  ";0.401;0.349;0.05;0.1;0.043
207;"Jan Metzler   ";"Marcus Held  ";"Manuel Höferlin  ";"Jan Paul Stich  ";"Sebastian Knopf  ";0.42;0.37;0.025;0.056;0.037
208;"Prof Dr Maria Böhmer   ";"Doris Barnett  ";"Dr Thomas Schell  ";"Romeo Franz  ";"Gerald Unger  ";0.433;0.356;0.025;0.048;0.049
209;"Norbert Ludwig Schindler   ";"Heike-Maria Mrosek-Handwerk  ";"Dr Hartmut Lardon  ";"Jutta Paulus  ";"Wolfgang Förster  ";0.479;0.286;0.027;0.081;0.045
210;"Xaver Jung  ";"Gustav Herzog   ";"Christian Kopp  ";"Felicitas Flörchinger  ";"Alexander Ulrich  ";0.372;0.385;0.023;0.053;0.074
211;"Anita Schäfer   ";"Angelika Glöckner  ";"Steven Wink  ";"Felix Schmidt  ";"Frank Eschrich  ";0.459;0.322;0.028;0.041;0.06
212;"Dr Thomas Gebhart   ";"Thomas Hitschler  ";"Dr Volker Wissing  ";"Dr Tobias Lindner  ";"Sebastian Frech  ";0.488;0.28;0.04;0.071;0.041
213;"Stephan Ernst Johann Mayer   ";"Annette Mathilde Heidrich  ";"Ulrich Kastner  ";"Sofie Elisabeth Voit  ";"Alexander Lebedew  ";0.658;0.144;0.021;0.054;0.026
214;"Dr Andreas Lenz   ";"Ewald Schurer  ";"Frank Hansen  ";"Stefan Kisters  ";"Markus Bannert  ";0.554;0.191;0.022;0.08;0.026
215;"Erich Irlstorfer   ";"Florian Simbeck  ";"Dr Jens Uwe Barschdorf  ";"Dr Michael Stanglmaier  ";"Thomas Ludwig Schwarz  ";0.529;0.176;0.025;0.118;0.029
216;"Gerda Hasselfeldt   ";"Michael Schrodi  ";"Andreas Schwarzer  ";"Beate Walter-Rosenheimer  ";"Irina Graf  ";0.556;0.201;0.022;0.078;0.027
217;"Dr Reinhard Brandl   ";"Dr Stefan Schieren  ";"Anton Brandl  ";"Agnes Krumwiede  ";"Eva Bulling-Schröter  ";0.615;0.165;0.02;0.065;0.039
218;"Johannes Singhammer   ";"Florian Post  ";"Ruth Hohenadl  ";"Doris Wagner  ";"Roland Stigge  ";0.432;0.314;0.037;0.103;0.037
219;"Dr Wolfgang Stefinger   ";"Claudia Rosina Tausend  ";"Manfred Krönauer  ";"Ulrike Goldstein  ";"Oguz Lüle  ";0.447;0.287;0.041;0.101;0.034
220;"Dr Peter Gauweiler   ";"Christian Vorländer  ";"Randhir Dindoyal  ";"Jerzy Montag  ";"Nicole Gohlke  ";0.434;0.285;0.03;0.114;0.039
221;"Dr Hans-Peter Uhl   ";"Roland Fischer  ";"Dr Daniel Volk  ";"Dieter Janecek  ";"Nicole Fritsche  ";0.426;0.286;0.04;0.131;0.041
222;"Florian Hahn   ";"Bela Bach  ";"Jimmy Schulz  ";"Dr Anton Hofreiter  ";"Wolfgang Seidel  ";0.525;0.203;0.039;0.111;0.021
223;"Daniela Ludwig   ";"Abuzar Erdogan  ";"Prof Dr Thomas Rauscher  ";"Ursula Zeitlmann  ";"Walter Mini  ";0.581;0.125;0.026;0.094;0.024
224;"Alexander Radwan   ";"Klaus Barthel  ";"Sabine Leutheusser-Schnarrenberger  ";"Karl Bär  ";"Andreas Wagner  ";0.541;0.176;0.074;0.089;0.028
225;"Dr Peter Ramsauer   ";"Dr Bärbel Kofler  ";"Sandra Sonntag  ";"Dr Bernhard Zimmer  ";"Franz Lindlacher  ";0.626;0.176;0.024;0.086;0.029
226;"Alexander Dobrindt   ";"Angelica Dullinger  ";"Klaus Breil  ";"Gabriela Seitz-Hoffmann  ";"Dr Michaele Siebe  ";0.572;0.165;0.029;0.085;0.029
227;"Bartholomäus Kalb   ";"Rita Hagl-Kehl  ";"Dr Sebastian Lommer  ";"Antje Laux  ";"Rolf Pannicke  ";0.614;0.159;0.021;0.045;0.03
228;"Florian Oßner   ";"Harald Hartmut Karl Unfried  ";"Markus Sebastian Sponbrucker  ";"Dr Thomas Gambke  ";"Reinhard Johann Zisler  ";0.581;0.162;0.03;0.083;0.029
229;"Dr Andreas Franz Scheuer   ";"Christian Flisek  ";"";"Maria Anneser  ";"Josef Ilsanker  ";0.598;0.197;0;0.051;0.032
230;"Max Straubinger   ";"Florian Pronold  ";"Siegfried Hermann Seidl  ";"Stefan Haug  ";"Marco Stöger  ";0.611;0.162;0.02;0.047;0.026
231;"Alois Rainer   ";"Johanna Uekermann  ";"Florian Roland Gerolf Erich Weinzierl  ";"Gaby Englmeier  ";"Dietmar, Oliver Kuschke  ";0.612;0.176;0.024;0.032;0.025
232;"Alois Karl   ";"Brigitte Bachmann  ";"Moritz Johann Martin Pöllath  ";"Stefan Rupert Schmidt  ";"Wolfgang Herbert Josef Berndt  ";0.584;0.209;0.021;0.049;0.033
233;"Philipp Graf von und zu Lerchenfeld   ";"Karl Söllner  ";"Horst Meierhofer  ";"Florian Eckert  ";"Wolfgang Wittich  ";0.485;0.22;0.04;0.083;0.034
234;"Karl Holmeier   ";"Marianne Schieder  ";"Alfred Stuiber  ";"Reinhold Schmalzbauer  ";"Georg Kaschner  ";0.577;0.248;0.017;0.032;0.027
235;"Albert Rupprecht   ";"Uli Grötsch  ";"Heinz-Dieter Pauly  ";"Johann Mayer  ";"Klaus Schmitsdorf  ";0.551;0.22;0.015;0.039;0.026
236;"Thomas Silberhorn   ";"Andreas Schwarz  ";"Sebastian Körber  ";"Wolfgang Grader  ";"Wolfgang Dieter Böhme  ";0.522;0.229;0.034;0.082;0.035
237;"Hartmut Koschyk   ";"Anette Kramme  ";"Dr Hermann Hiery  ";"Sabine Steininger  ";"Dr Tilmann Schiel  ";0.559;0.256;0.027;0.063;0.028
238;"Hans Michelbach   ";"Norbert Tessmer  ";"Dr Ulrich Herbert  ";"Manuel Dethloff  ";"René Hähnlein  ";0.501;0.324;0.017;0.039;0.033
239;"Dr Hans-Peter Friedrich   ";"Petra Ernstberger  ";"Stefan Quehl  ";"Elisabeth Scharfenberg  ";"Ulrike Dierkes-Morsy  ";0.551;0.286;0.013;0.055;0.045
240;"Emmi Zeulner   ";"Simon Moritz  ";"Stephan Otte  ";"Valentin Motschmann  ";"Marko Müller  ";0.569;0.228;0.016;0.04;0.03
241;"Josef Göppel   ";"Anette Pappler  ";"Rainer Erdel  ";"Sina Doughan  ";"Peter Schlegel  ";0.533;0.233;0.045;0.059;0.038
242;"Stefan Müller   ";"Martina Stamm-Fibich  ";"Michael Székely  ";"Ernst Rappold  ";"Hans-Joachim Ehnes  ";0.485;0.263;0.022;0.089;0.042
243;"Christian Schmidt   ";"Carsten Dietmar Träger  ";"Franz Martin Fleischer  ";"Uwe Kekeritz  ";"Anny Heike  ";0.492;0.271;0.018;0.082;0.043
244;"Dagmar Gabriele Wöhrl   ";"Gabriela Heinrich  ";"Tilman Gregor Schürer  ";"Harald Roland Fuchs  ";"Harald Weinberg  ";0.394;0.317;0.027;0.101;0.062
245;"Michael Edwin Frieser   ";"Martin Kurt Burkert  ";"Dr Dieter Hans Heinrich Katterle  ";"Birgit Raab  ";"Oswald Emil Greim  ";0.443;0.323;0.018;0.068;0.05
246;"Marlene Mortler   ";"Christian Nürnberger  ";"Marina Walburga Schuster  ";"Tom Thomas Hans Michael Aurnhammer  ";"Dr Helmut Johach  ";0.506;0.276;0.032;0.067;0.036
247;"Andrea Lindholz   ";"Andreas Parr  ";"Dr Helmut Kaltenhauser  ";"Stefan Wagener  ";"Ibrahim Veziroglu  ";0.524;0.251;0.033;0.08;0.028
248;"Dorothee Bär   ";"Sabine Dittmar  ";"Erhard Stubenrauch  ";"Hans-Josef Fell  ";"Stefan Bannert  ";0.579;0.199;0.029;0.079;0.045
249;"Alexander Hoffmann   ";"Bernd Rützel  ";"Uwe Probst  ";"Heiko Gerhard Schmidt  ";"Georg Liebl  ";0.517;0.233;0.026;0.062;0.031
250;"Dr Anja Weisgerber   ";"Ralf Hofmann  ";"Ursula Seissiger  ";"Hans Plate  ";"Klaus Ernst  ";0.548;0.231;0.021;0.058;0.054
251;"Paul Alois Lehrieder   ";"Homaira Mansury  ";"Joachim Spatz  ";"Martin Michael Heilig  ";"Doris Anna Wilhelmine Dörnhöfer  ";0.489;0.255;0.032;0.1;0.033
252;"Dr Volker Michael Ullrich   ";"Ulrike Renate Martina Bahr  ";"Miriam Gruß  ";"Claudia Benedikta Roth  ";"Alexander Wilhelm Süßmair  ";0.444;0.251;0.034;0.11;0.049
253;"Hansjörg Durz   ";"Bernd Bante  ";"Johannes Pabst  ";"Claudia Eser-Schuberth  ";"Daniel Böck  ";0.606;0.177;0.023;0.069;0.03
254;"Ulrich Lange   ";"Gabriele Fograscher  ";"Heinz Liehr  ";"Bettina Merkl-Zierer  ";"Manfred Seel  ";0.606;0.177;0.024;0.063;0.045
255;"Dr Georg Nüßlein   ";"Dr Karl Heinz Brunner  ";"Prof Dr Dr Ralf Uwe Peter  ";"Ekin Deligöz  ";"Elmar Heim  ";0.575;0.184;0.027;0.078;0.035
256;"Dr Gerd Müller   ";"Katharina Marianne Ute Schrader  ";"Stephan Thomae  ";"Michael Schropp  ";"Stefan Albanesi  ";0.607;0.173;0.035;0.085;0.036
257;"Stephan Stracke   ";"Rolf Spitz  ";"René Müller  ";"Elfriede Klein  ";"Paul Meichelböck  ";0.598;0.15;0.017;0.06;0.028
258;"Dr Stefan Kaufmann   ";"Ute Vogt  ";"Judith Skudelny  ";"Cem Özdemir  ";"Christina Frank  ";0.42;0.166;0.026;0.275;0.039
259;"Karin Maag   ";"Nicolas Schäfstoß  ";"Dr Matthias Werwigk  ";"Birgitt Bender  ";"Marta Aparicio de Eckelmann  ";0.438;0.261;0.027;0.139;0.05
260;"Clemens Binninger   ";"Dr Joachim Rücker  ";"Dr Florian Toncar  ";"Sven Reisch  ";"Richard Pitterle  ";0.543;0.237;0.034;0.094;0.04
261;"Markus Grübel   ";"Michael Wechsler  ";"Stefan Schreckenbauer  ";"Jürgen Menzel  ";"Stefan Dreher  ";0.513;0.252;0.019;0.111;0.037
262;"Michael Hennrich   ";"Rainer Arnold  ";"Renata Alt  ";"Matthias Gastel  ";"Claudia Haydt  ";0.51;0.253;0.025;0.099;0.033
263;"Hermann Färber   ";"Heike Baehrens  ";"Werner Simmling  ";"Dr Dennis De  ";"Thomas Edtmaier  ";0.49;0.242;0.034;0.107;0.036
264;"Dr Joachim Pfeiffer   ";"Alexander Bauer  ";"Hartfrid Wolff  ";"Andrea Sieber  ";"Udo Rauhut  ";0.515;0.229;0.037;0.105;0.037
265;"Steffen Bilger   ";"Macit Karaahmetoglu  ";"Alexander Deicke  ";"Ingrid Hönlinger  ";"Peter Schimke  ";0.504;0.212;0.032;0.135;0.048
266;"Eberhard Gienger   ";"Thorsten Majer  ";"Christian Meyer  ";"Andreas Roll  ";"Walter Kubach  ";0.532;0.264;0.031;0.095;0.044
267;"Thomas Strobl   ";"Josip Juratovic  ";"Michael Georg Link  ";"Ulrich Schneider  ";"Heinz Deininger  ";0.514;0.271;0.036;0.075;0.044
268;"Christian Freiherr von Stetten   ";"Annette Sawade  ";"Stephen Brauer  ";"Harald Ebner  ";"Florian Vollert  ";0.523;0.229;0.039;0.1;0.043
269;"Norbert Barthle   ";"Christian Lange  ";"Lisa Strotbek  ";"Michael Straub  ";"Jörg Drechsel  ";0.554;0.248;0.028;0.082;0.04
270;"Roderich Kiesewetter   ";"Claudia Sünder  ";"Wilfried Huber  ";"Margit Stumpp  ";"Klaus Dieter Köhler  ";0.576;0.246;0.018;0.077;0.05
271;"Ingo Wellenreuther   ";"Parsa Marvi  ";"Heinz Golombeck  ";"Sylvia Kotting-Uhl  ";"Karin Binder  ";0.395;0.296;0.032;0.137;0.049
272;"Axel Eduard Fischer   ";"Vanessa Rieß  ";"Patrick Meinhardt  ";"Danyal Bayaz  ";"Heinz Peter Schwertges  ";0.533;0.259;0.028;0.078;0.037
273;"Kai Whittaker   ";"Gabriele Katzmarek  ";"Lutz Jäckel  ";"Jörg Rupp  ";"Norbert Maßon  ";0.535;0.23;0.031;0.084;0.035
274;"Dr Karl Lamers   ";"Lothar Binding  ";"Dirk Niebel  ";"Dr Franziska Brantner  ";"Sahra Mirow  ";0.409;0.306;0.031;0.123;0.041
275;"Dr Egon Jüttner   ";"Stefan Rebmann  ";"Dr Birgit Reinemund  ";"Dr Gerhard Schick  ";"Michael Schlecht  ";0.398;0.324;0.028;0.122;0.066
276;"Alois Gerig   ";"Dr Dorothee Schlegel  ";"Ulrike Quoos  ";"Hans-Detlef Ott  ";"Volker Bohn  ";0.591;0.213;0.018;0.059;0.034
277;"Dr Stephan Harbarth   ";"Dr Lars Castellucci  ";"Jens Brandenburg  ";"Dr Edith Wolber  ";"Bernd Malmberg  ";0.497;0.259;0.025;0.083;0.04
278;"Olav Steffen Gutting   ";"Daniel Born  ";"Lucia Biedermann  ";"Alexander Geiger  ";"Heinrich Stürtz  ";0.518;0.247;0.028;0.068;0.037
279;"Gunther Krichbaum   ";"Katja Mast  ";"Dr Erik Schweickert  ";"Memet Kilic  ";"Milan Kopriva  ";0.495;0.229;0.058;0.08;0.041
280;"Hans-Joachim Fuchtel   ";"Saskia Esken  ";"Reinhard Günther  ";"Dietmar Lust  ";"Franz Groll  ";0.585;0.202;0.029;0.07;0.043
281;"Matern Marschall von Bieberstein   ";"Gernot Erler  ";"Sascha Fiek  ";"Kerstin Andreae  ";"Tobias Pflüger  ";0.349;0.3;0.019;0.209;0.049
282;"Armin Schuster   ";"Dr Thomas Mengel  ";"Dr Tilo Levante  ";"Ina-Sophie Rosenthal  ";"Thomas Grein  ";0.501;0.246;0.024;0.12;0.039
283;"Peter Weiß   ";"Dr Johannes Fechner  ";"Christian Satta  ";"Dorothee Granderath  ";"Rainer Wolf  ";0.523;0.264;0.018;0.115;0.046
284;"Dr Wolfgang Schäuble   ";"Elvira Drobinski-Weiß  ";"Jan Sachs  ";"Ludwig Kornmeier  ";"Lars Stern  ";0.56;0.202;0.021;0.099;0.043
285;"Volker Kauder   ";"Ergun Can  ";"Dr Mechthild Wolber  ";"Susanne Kieckbusch  ";"Edmond Jäger  ";0.578;0.178;0.033;0.075;0.038
286;"Thorsten Frei   ";"Jens Löw  ";"Dr Marcel Klinge  ";"Cornelia Kunkis-Becker  ";"Gotthilf Lorch  ";0.567;0.189;0.025;0.077;0.035
287;"Andreas Jung   ";"Tobias Volz  ";"Birgit Homburger  ";"Nese Erikli  ";"Marco Radojevic  ";0.519;0.192;0.038;0.133;0.041
288;"Thomas Dörflinger   ";"Rita Schwarzelühr-Sutter  ";"Dr Karsten Jung  ";"Peter Schanz  ";"Nicole Stadler  ";0.514;0.28;0.033;0.101;0.044
289;"Michael Donth   ";"Rebecca Hummel  ";"Pascal Kober  ";"Beate Müller-Gemmeke  ";"Günter Franz Wilhelm Herbig  ";0.519;0.202;0.038;0.124;0.04
290;"Annette Widmann-Mauz   ";"Dr Martin Rosemann  ";"Dr Christopher Gohl  ";"Christian Kühn  ";"Heike Hänsel  ";0.469;0.204;0.023;0.165;0.065
291;"Dr Annette Schavan   ";"Hildegard Mattheis  ";"Frank Berger  ";"Annette Weinreich  ";"Eva-Maria Glathe-Braun  ";0.521;0.238;0.026;0.097;0.036
292;"Josef Rief   ";"Martin Gerster  ";"Dr Norbert Mayer  ";"Eugen Schlachter  ";"Ralph Heidenreich  ";0.59;0.198;0.023;0.09;0.034
293;"Lothar Riebsamen   ";"Jochen Jehle  ";"Dr Hans-Peter Wetzel  ";"Alexander Gaus  ";"Annette Groth  ";0.539;0.206;0.039;0.112;0.045
294;"Dr Andreas Schockenhoff   ";"Hannes Munzinger  ";"Ralf Sauer  ";"Agnes Brugger  ";"Michael Konieczny  ";0.516;0.2;0.025;0.136;0.033
295;"Thomas Bareiß   ";"Stella Kirgiane  ";"Dirk Mrotzeck  ";"Roman-Hartmut Wauer  ";"Daniel Morteza Ghazvini  ";0.607;0.182;0.024;0.083;0.042
296;"Anette Hübinger   ";"Elke Ferner  ";"Roland König  ";"Barbara Meyer  ";"Claudia Kohde-Kilsch  ";0.369;0.362;0.017;0.053;0.109
297;"Peter Altmaier   ";"Reinhold Jost  ";"Wolfgang Krichel  ";"Markus Tressel  ";"Wolfgang Schumacher  ";0.445;0.349;0.012;0.037;0.073
298;"Nadine Schön   ";"Christian Petry  ";"Oliver Luksic  ";"Iris Langguth  ";"Dennis Bard  ";0.454;0.335;0.017;0.028;0.076
299;"Alexander Funk   ";"David Lindemann  ";"Thorsten Eich  ";"Markus Schmitt  ";"Yvonne Ploetz  ";0.398;0.376;0.014;0.036;0.091
